0.0505949, 0.366239, 0.182708
-0.0815053, 0.242083, 0.306968
-0.316254, -0.102392, 0.841635
0.67429, 0.224445, 0.048452
0.0228273, -0.421177, 0.140072
-0.0968959, 0.156565, -0.255446
0.195517, 0.633865, 0.336784
0.307655, -0.454845, 0.525016
-0.138193, 0.025778, -0.654219
-0.0580158, -0.354323, -0.779449
-0.761584, 0.161774, -0.594207
-0.0452081, 0.00203274, -0.131033
0.213607, -0.830473, 0.15933
-0.194571, -0.0831458, -0.123856
-0.0612408, 0.0721537, -0.00534468
-0.329268, 0.211105, -0.751297
0.00907627, 0.0215913, -0.0711667
0.13741, -0.211891, -0.11838
-0.173567, 0.167507, 0.189683
0.0559394, 0.0192668, -0.0386539
-0.341327, -0.876708, -0.12044
-0.0275102, -0.138444, 0.0927092
0.00775922, -0.0416822, -0.0295758
0.00520022, -0.00520638, 0.0675314
0.0285293, -0.0127781, -0.00670826
0.0103838, 0.0153603, -0.150347
0.0402602, -0.059119, 0.0500922
-0.0332224, -0.0315005, -0.132649
0.0808772, 0.167225, 0.295997
0.413244, 0.713392, -0.287026
-0.413144, 0.842913, 0.178161
0.0759576, 0.138418, -0.615901
-0.433168, 0.327445, 0.567642
0.283714, 0.216861, 0.0474394
-0.532309, -0.140001, -0.304683
-0.0959934, -0.142966, 0.0805144
0.183354, 0.680692, 0.289455
-0.05317, -0.880703, 0.16593
0.297519, -0.245651, -0.293249
-0.00151517, 0.046828, -0.00240366
0.357461, 0.124429, -0.0719509
0.000928249, -0.00830774, 0.00932671
0.063951, -0.287397, -0.630637
0.0849613, 0.929552, -0.315517
0.0401198, 0.236096, 0.0609531
-0.0953885, 0.164158, 0.0833217
0.034738, 0.0305725, -0.0326371
-0.376967, 0.310756, 0.504364
0.0561161, 0.308491, 0.183128
0.121723, -0.126633, 0.158279
-0.659719, -0.306994, -0.143312
0.564968, 0.146948, 0.310602
-0.277491, 0.0307635, 0.829753
0.150279, -0.691437, -0.26734
0.0021749, -0.0040603, -0.0747999
-0.0467746, 0.177444, -0.879297
0.00786015, 0.0471867, -0.648242
-0.235014, -0.318146, -0.424271
-0.0176228, 0.00866559, -0.783159
0.0354469, 0.0739286, 0.583127
0.0475606, 0.0989552, 0.323094
-0.0233812, 0.136943, -0.306421
-0.450876, 0.624166, 0.134226
0.119591, -0.116085, 0.280323
-0.0751531, -0.241196, 0.0131444
0.654555, 0.196145, -0.0824107
0.175622, 0.111286, 0.0556935
-0.312344, 0.111133, 0.0410777
-0.323039, -0.367867, 0.61163
0.159667, -0.0168522, 0.611373
0.0669232, 0.17633, 0.0147788
-0.081475, -0.332807, 0.629121
-0.0663717, -0.0974305, 0.845637
0.0257593, 0.0192828, -0.00567175
-0.0896994, 0.450019, -0.0338069
0.408236, -0.53435, 0.0955743
-0.632525, 0.00219913, -0.469658
0.3894, -0.79956, 0.310942
-0.0344706, 0.014371, -0.767701
0.0286941, 0.218433, 0.778451
-0.0283387, -0.0804193, -0.0815058
0.0957665, 0.262727, 0.520411
-0.77341, -0.508694, 0.102549
0.20197, -0.129955, -0.234055
0.379675, 0.0838817, 0.776244
-0.222267, 0.609791, -0.742325
-0.165933, 0.125315, 0.11985
0.054239, -0.134613, -0.851615
-0.0102591, -0.0344375, 0.550734
0.031159, -0.111432, -0.909121
0.70908, 0.298565, -0.284427
0.263004, 0.226941, -0.223285
0.126274, -0.105267, -0.617437
0.0631678, -0.0339396, -0.0985605
0.0808729, -0.0275266, 0.888914
-0.0564514, -0.0461671, 0.865165
-0.0273957, -0.00567062, -0.244845
0.0136006, 0.0278445, 0.00534459
-0.184965, 0.134413, 0.0491517
-0.0559184, -0.289157, 0.00896826
-0.0586842, -0.0961064, 0.137535
0.00590096, 0.030419, -0.791397
0.030355, 0.0354476, -0.0350194
0.139835, 0.298275, -0.340895
0.0760486, 0.0250959, 0.0915431
-0.0201859, 0.79582, -0.352017
0.583032, 0.7197, 0.103922
0.41991, -0.360496, -0.642191
-0.0277143, 0.0119012, 0.0299323
-0.388705, 0.623566, 0.507212
0.0359046, 0.0927196, -0.0360002
-0.115338, -0.0239506, -0.690098
-0.277544, 0.245555, 0.426534
0.0628515, -0.0688648, 0.261945
0.0107646, 0.63245, 0.172493
-0.0938429, -0.0248873, 0.958827
-0.00503404, 0.461832, -0.709812
-0.809927, -0.525308, 0.0721634
-0.250362, -0.134368, -0.649041
-0.187698, 0.358494, 0.386151
0.0176338, 0.470719, 0.823206
0.0606668, 0.0926635, 0.0708065
0.0600236, -0.0638324, 0.709374
-0.105879, 0.358305, 0.85686
-0.983489, -0.00542906, 0.0938339
0.0606944, 0.184315, -0.192337
0.145277, 0.16584, 0.701974
-0.163686, 0.113291, 0.236734
-0.259949, 0.743182, 0.359585
-0.655618, -0.375998, -0.412773
0.012977, -0.0059429, -0.0110921
0.130208, -0.214209, 0.0680285
-0.341346, 0.133676, -0.132245
-0.0357303, 0.155261, 0.0935771
-0.0198519, 0.00207989, -0.0670854
0.401048, -0.484282, 0.0606335
0.0550575, 0.0128311, -0.00618736
-0.238336, -0.0672666, -0.00269751
0.122997, -0.0866973, 0.923764
-0.0145765, 0.0249914, 0.0713597
-0.20656, -0.157517, 0.580103
0.283535, 0.0751534, 0.00128078
0.134811, 0.397157, 0.106899
-0.415749, 0.143604, 0.0927501
0.0107253, -0.0655529, -0.139437
0.137616, -0.152036, -0.183715
-0.0151811, 0.0071755, 0.00053068
0.285189, 0.25035, -0.630933
-0.0966566, 0.553628, -0.143081
0.375287, -0.285441, 0.0674927
0.19287, 0.265183, 0.616209
0.0522641, -0.452686, -0.00240804
0.514965, 0.391699, 0.408229
0.285296, -0.289302, 0.878003
-0.699137, 0.390998, -0.493996
-0.279634, -0.488614, 0.202925
0.120593, 0.342699, 0.136078
0.0289982, -0.0169159, 0.830031
0.325447, 0.48497, 0.508625
0.507508, -0.0325529, -0.347618
-0.070442, -0.0444564, 0.179985
-0.289573, 0.42851, -0.113565
0.401569, -0.278482, -0.829679
-0.00336869, -0.00301343, 0.0701464
0.88976, -0.271925, -0.0627615
0.0110544, -0.0011068, 0.00327032
0.276079, 0.277285, 0.127922
0.145804, 0.0301734, 0.760552
-0.0458919, 0.111275, -0.211112
0.107324, 0.90826, -0.193571
0.0827304, -0.0191652, 0.815634
-0.0164973, 0.0987026, 0.0219853
0.0106635, -0.000973072, -0.970631
-0.215145, -0.0414359, 0.208422
-0.108649, -0.0537096, -0.227557
0.0234644, -0.00908496, 0.814202
0.104377, 0.0263771, -0.0960187
-0.524858, 0.275071, -0.150225
-0.154708, 0.528723, -0.446279
0.00262885, -0.00512536, 0.294762
-0.342476, 0.218385, -0.707753
0.0702258, 0.107519, -0.0384632
-0.524284, -0.464981, 0.135867
-0.551097, -0.134254, -0.497112
0.16857, 0.140473, -0.253255
-0.225885, -0.120061, 0.503739
-0.196923, 0.341563, -0.110733
-0.0428486, 0.134161, -0.465391
0.00532661, 0.427217, 0.344372
-0.278898, 0.0428814, 0.501647
0.229211, -0.0257205, -0.690418
0.0359433, 0.000970942, -0.0518271
-0.0792135, -0.000142867, -0.241978
0.118037, -0.23997, -0.532413
-0.261443, -0.135713, -0.798659
-0.164577, -0.0275969, 0.0852538
0.00625725, 0.0770795, 0.0947291
0.475635, 0.526021, 0.404031
0.122519, -0.150465, 0.380213
-0.00851673, -0.104327, 0.720726
0.169352, -0.200259, 0.372138
-0.424439, -0.851272, 0.188497
0.0941654, -0.646718, -0.709751
-0.000223198, 0.000183407, -0.00252799
0.0651174, -0.0392311, -0.183837
-0.560239, -0.0441346, 0.129281
0.0619314, 0.921799, 0.110579
0.238445, 0.0290534, -0.018004
0.193317, -0.1897, 0.296078
-0.0714, -0.0533323, -0.044126
-0.288544, 0.289344, 0.165051
0.149737, 0.0310975, -0.330687
-0.81081, -0.0700039, -0.306474
-0.163871, 0.194522, 0.184368
0.365029, 0.496973, -0.0594243
0.112911, 0.067566, 0.192495
0.13481, -0.875943, 0.145965
-0.36658, -0.148997, -0.338767
-0.162595, 0.337333, -0.713942
-0.506455, 0.46442, -0.613234
-0.111023, -0.358353, -0.52956
0.0217222, -0.000912363, -0.109031
-0.203626, -0.25443, 0.478244
0.194194, 0.00669597, -0.191712
-0.00896813, 0.0122553, 0.0124673
0.316153, 0.213506, -0.0291332
0.0302771, -0.0105891, 0.0530675
0.0263654, 0.595067, 0.598425
-0.151362, -0.26563, 0.527339
-0.0522626, -0.065937, -0.529093
-0.0264085, -1.73073e-05, -0.0656442
-0.223169, -0.37273, 0.153039
-0.139193, 0.0159256, -0.154667
-2.6479e-05, 0.000628295, -0.193496
-0.00207638, 0.0937777, -0.315423
-0.0469258, 0.0946748, 0.512138
-0.120891, -0.13623, -0.014895
-0.027811, 0.00672865, -0.0226451
0.0066283, -0.015128, -0.0257795
-0.174476, -0.0741246, 0.0538074
0.148094, 0.363572, 0.082162
0.16561, -0.404403, -0.21398
-0.0361761, -0.0201254, 0.884502
0.0348119, -0.0753851, 0.224234
-0.00868774, -0.0149864, 0.00197301
-0.131281, 0.0422738, 0.717709
0.0589277, -0.555766, -0.197801
0.534475, 0.0950005, 0.0611929
0.787632, 0.372051, -0.0349294
0.296489, -0.629873, 0.26708
0.0268402, 0.0268339, -0.0671004
-0.131523, 0.0470712, -0.858122
0.472905, -0.105842, 0.792915
-0.30605, 0.0748117, -0.0150967
0.293713, -0.437176, -0.117022
-0.0539408, 0.0656361, 0.0662388
0.00767357, 8.74496e-05, 0.252397
-0.0713281, -0.410671, -0.00808641
-0.950256, 0.123453, 0.255526
0.0215852, 0.170385, 0.0240084
0.142933, -0.257204, -0.150433
0.62367, 0.753275, 0.201599
-0.00836472, -0.0373559, 0.0459728
-0.0058935, -0.0620072, -0.459047
-0.485649, -0.531768, -0.352191
-0.0280878, 0.0187304, 0.114918
0.043191, -0.47054, 0.221647
0.287653, 0.33542, 0.32599
0.147204, -0.314529, 0.00246776
-0.031262, 0.124871, -0.797349
0.0825173, -0.069171, -0.072445
0.0137923, 0.00756986, -0.0171299
-0.0432026, 0.0267843, -0.16188
0.0155864, 0.0230543, -0.265038
0.760874, -0.41046, -0.00517342
0.0062464, -0.0100302, -0.231469
-0.0293477, 0.0280023, 0.0292421
-0.0325882, 0.113939, 0.489971
0.0143001, -0.0214857, 0.000593758
-0.294785, -0.546349, -0.184664
-0.462348, 0.568936, -0.417476
-0.00198888, 0.00297844, 0.171744
0.160234, 0.283335, 0.815624
-0.562527, 0.138278, 0.0401344
0.405464, 0.289393, -0.693075
0.628598, 0.171068, 0.440768
0.0567546, -0.130357, 0.0476408
-0.557474, -0.233179, 0.282795
-0.0028082, 0.372689, -0.445117
-0.183598, 0.121467, -0.119754
0.238478, 0.185239, 0.688679
-0.559142, -0.447523, -0.614091
0.452365, -0.344286, -0.497101
-0.43331, 0.856595, -0.0743662
-0.00615449, -0.00721795, 0.0120047
-0.012195, -0.0278695, -0.281961
0.087786, -0.30134, -0.831371
-0.0201624, 0.00943076, 0.0534175
-0.234945, -0.0904821, 0.461116
0.0622265, 0.46165, 0.526122
0.256651, 0.0274747, -0.942546
0.101998, -0.196668, 0.298875
0.0184191, 0.00370581, -0.0522176
0.125638, -0.124156, 0.272545
-0.783654, 0.0283956, 0.152226
0.309925, 0.188614, -0.915982
0.637536, 0.677244, -0.360562
-0.080929, -0.275324, 0.332014
-0.546596, 0.464011, 0.340074
-0.231914, -0.126698, 0.192185
-0.00244182, -0.00570049, -0.653324
-0.574204, 0.321109, -0.596331
0.00102095, 0.00024741, -0.00601968
0.109084, -0.111032, 0.306615
-0.141764, -0.224136, -0.172807
0.0264317, -0.0590445, -0.324963
0.0258345, 0.282553, -0.66398
-0.0506957, 0.0749334, 0.026647
-0.00101088, -0.0230933, 0.189963
0.0406475, 0.320945, -0.654478
0.2666, -0.0625251, 0.499578
0.131878, 0.196669, -0.584235
-0.758039, -0.176841, -0.431444
0.169919, -0.174931, -0.0468885
0.00869077, -0.628222, -0.137824
0.232644, 0.140835, 0.303329
0.12764, 0.154661, -0.0554772
-0.724708, 0.00785351, -0.244562
0.785263, -0.440536, -0.362106
-0.275703, -0.411662, -0.0164854
0.0191081, 0.0210439, -0.387969
-0.0437898, -0.00392499, -0.139474
-0.208296, 0.165842, -0.684239
-0.217343, 0.13014, 0.211442
-0.435988, 0.458183, 0.199925
0.351139, 0.141525, 0.713095
0.315894, -0.0859161, 0.245633
-0.317609, -0.0863732, 0.134687
0.0898213, -0.105843, 0.181119
0.217359, 0.198497, 0.928806
-0.0501723, -0.0268194, 0.168643
0.0723235, 0.292392, 0.237884
-0.244842, -0.460891, 0.399928
0.026071, 0.0152395, -0.16317
-0.184874, 0.0668009, 0.46544
-0.354601, -0.0194834, -0.230345
0.0561571, -0.277078, 0.0556575
0.294792, 0.292888, -0.000208706
0.413589, 0.131327, 0.0954687
0.299394, -0.316506, 0.0903315
-0.0406254, 0.0200169, 0.206406
0.0201352, 0.47086, -0.864615
-0.247546, 0.392389, 0.0933266
-0.0757684, 0.0565611, -0.0514992
0.461684, 0.261618, -0.264249
-0.221974, -0.114161, -0.412048
0.129398, 0.178552, 0.521648
-0.0229305, 0.0717803, 0.546642
0.00850662, -0.416879, 0.0480289
-0.230627, -0.627487, -0.604208
-0.0494338, 0.304886, -0.382363
-0.140999, -0.132889, -0.534621
-0.225196, 0.0410198, 0.057869
-0.108186, -0.23867, 0.639501
-0.350228, -0.00300903, 0.552215
0.0224539, 0.00521235, 0.00883872
0.131195, -0.000673748, 0.0335457
-0.0360743, 0.0575804, 0.528435
-0.0801224, 0.136484, 0.189306
0.00472463, 0.0202825, -0.0324448
-0.115617, 0.294494, 0.31534
-0.140739, -0.0895397, -0.964562
0.130524, -0.0929202, -0.115487
-0.656888, -0.174159, -0.0881391
0.0897126, -0.653175, 0.0879186
-0.104391, 0.0775104, -0.531523
-0.513443, -0.573182, 0.210718
-0.148481, -0.154703, -0.356066
0.00394435, -0.305973, 0.0923898
0.309901, 0.327905, -0.677103
0.0191404, 0.0613965, -0.507984
-0.155978, -0.059336, -0.0930552
0.0626951, -0.196359, 0.240645
0.621196, 0.346257, -0.636936
-0.0932238, -0.0477976, -0.149293
0.95779, 0.184249, -0.0117253
-0.22127, -0.215854, -0.342075
-0.0130181, -0.112537, -0.0867713
-0.0436631, 0.0785734, 0.818476
-0.194556, 0.332542, 0.729951
-0.344809, -0.143795, 0.599433
0.0912093, -0.679893, -0.0308206
-0.333617, 0.0442539, -0.163628
-0.0991534, -0.275169, -0.24216
0.159502, -0.198065, 0.585571
-0.207635, -0.234537, 0.0899794
0.053952, -0.212677, -0.197094
-0.185752, 0.125642, -0.781125
0.0645853, -0.0258571, 0.2582
-0.164911, -0.112511, -0.196786
-0.133846, -0.25215, 0.329257
0.357371, -0.347038, 0.533225
0.295414, 0.386965, 0.311885
-0.666358, -0.271777, 0.336486
0.0114087, 0.0651398, 0.316211
0.0252228, -0.0398823, 0.171378
0.377607, 0.410932, -0.147693
0.0666023, 0.0642138, 0.708523
0.352126, 0.0067193, 0.193491
-0.00335241, -0.0165265, -0.0110766
-0.271038, -0.0161368, 0.398782
-0.037246, -0.145328, -0.165087
0.115862, -0.132305, -0.145276
-0.265674, 0.286235, -0.774037
0.232804, -0.386498, 0.551808
-0.171074, 0.853691, -0.0767695
0.0636003, 0.366792, 0.734839
-0.161756, -0.262392, 0.834896
-0.0162338, 0.279704, 0.149834
0.0153061, -0.19672, -0.618242
0.384025, -0.183218, 0.0515005
0.115812, 0.257183, -0.236568
2.7012e-05, -7.39599e-05, 0.000465997
0.248642, -0.289767, 0.443498
0.376998, 0.100182, -0.901177
0.0419414, -0.139834, -0.176858
-0.257318, -0.307253, 0.732098
-0.0283545, 0.0564437, 0.057915
0.0168449, -0.551064, 0.0655329
0.0161031, 0.0125079, -0.0579591
0.0241752, -0.45381, 0.680486
-0.26066, -0.0628667, -0.428737
0.71604, 0.00414435, 0.618023
0.590101, 0.121579, 0.328202
0.0328432, 0.120953, -0.28773
-0.355275, 0.366672, -0.478561
0.383576, -0.0965803, -0.404762
-0.0853477, -0.0413073, -0.0521983
0.0419696, -0.353213, 0.546877
-0.325167, 0.463832, -0.356427
0.0238697, -0.0141272, 0.284936
-0.0712445, -0.312239, -0.117895
-0.544406, -0.523691, 0.142645
0.0816822, -0.0358303, -0.0548367
-0.443411, -0.22738, -0.269159
-0.00912081, 0.0189165, 0.751817
-0.0786723, -0.43449, -0.505335
-0.120644, -0.0601878, 0.274297
0.488115, -0.265329, -0.137775
-0.308824, 0.393456, 0.159098
0.0180754, -0.0509303, 0.335217
0.451242, -0.511414, -0.391478
-0.0403241, -0.0571412, 0.0128724
-0.0808363, 0.297121, 0.433808
0.324923, -0.215285, 0.189346
0.138961, 0.257935, 0.30794
0.0659613, -0.0762733, -0.106698
-0.212106, -0.689998, -0.0568906
-0.581529, -0.576815, 0.5178
-0.770391, -0.256342, -0.565311
0.602408, -0.252368, -0.146227
0.00224903, -0.000762251, 0.309189
0.168054, -0.117806, 0.199236
0.125783, -0.286074, -0.307122
0.301035, 0.29379, -0.510293
-0.424653, 0.378496, -0.0901067
-0.0831905, 0.610228, -0.184686
0.153442, -0.155845, -0.261102
0.0704566, -0.00135638, -0.139118
-0.00944982, -0.00666415, -0.575267
-0.000343905, -0.0196513, 0.0572601
-0.361392, -0.311776, -0.0286516
-0.00229368, -0.00512079, -0.169816
-0.0536764, 0.00880878, 0.0111113
-0.107245, -0.138766, 0.295575
-0.277651, -0.338522, -0.751135
-0.0859049, 0.103915, -0.766399
-0.00432903, 0.000801632, 0.198183
0.0286892, -0.0301383, 0.355036
-0.151353, -0.520655, -0.787568
-0.209461, -0.174328, -0.04135
0.71679, 0.139539, 0.189136
0.0657095, -0.292016, 0.156842
-0.17945, -0.578137, -0.791613
-0.189161, -0.46957, 0.257409
-0.363522, 0.0902494, 0.48394
0.216805, 0.156301, 0.406521
-0.0570839, 0.162337, 0.127226
-0.0265901, 0.0147225, 0.0532653
0.0438748, 0.0881368, 0.0652005
0.377029, 0.429629, -0.674474
-0.0796435, -0.452687, -0.198508
0.0125833, 0.00850683, 0.0452486
0.371141, -0.281354, -0.390986
0.0090574, 0.0221741, -0.141084
-0.221164, -0.362866, -0.197661
0.0663537, -0.0555959, 0.465397
0.0320529, -0.133348, 0.167025
-0.0250111, -0.00313035, -0.288492
0.0273375, -0.00095843, -0.564593
0.0441197, -0.0427886, -0.0791088
-0.403917, 0.567449, 0.0312396
0.274849, -0.12605, -0.174969
0.00909159, 0.00305846, -0.0326108
-0.290228, 0.275998, 0.477213
0.0118127, -0.000920389, -0.00319499
0.0384725, -0.240724, 0.306758
0.113356, 0.161215, -0.922144
-0.0226795, -0.0357803, 0.0347005
0.0384491, -0.0663436, 0.597417
0.685032, -0.208487, -0.122537
0.44377, 0.460128, 0.700457
-0.0308422, -0.261302, 0.139865
0.0585677, 0.0246985, 0.623401
-0.319613, 0.107485, 0.196172
-0.144291, 0.225794, -0.188278
0.383459, 0.221797, 0.51901
-0.00125487, -0.00104811, -0.00281929
0.0581683, -0.0829472, -0.212238
-0.243737, -0.0284505, 0.370458
0.0531388, 0.187605, 0.26137
0.25362, 0.186001, -0.421929
-0.161109, -0.223481, 0.864352
-0.00278909, 0.024443, -0.643133
-0.0178223, -0.00631198, 0.287035
0.253536, 0.080838, -0.488745
0.244283, -0.0227499, -0.342536
0.131886, -0.756145, -0.53114
0.0132325, 0.00617826, -0.0377968
-0.58049, 0.291701, -0.382624
0.0417371, 0.0224684, -0.0186647
-0.449085, -0.0683792, -0.281874
-0.00229723, -0.00269579, -0.111223
-0.034197, 0.148039, 0.798892
0.22493, 0.00756798, 0.208133
0.376868, 0.570096, 0.641517
-0.122765, 0.0300638, -0.211165
-0.294918, -0.6359, 0.574757
-0.225653, 0.0763019, 0.886025
-0.029149, -0.0516384, 0.0545558
-0.54713, -0.348596, -0.339577
-0.349141, -0.734154, -0.414696
-0.290015, 0.0896165, -0.133048
0.923404, -0.00144833, -0.302132
-0.0886886, -0.166222, 0.400707
-0.144359, 0.0059092, 0.797308
-0.921357, -0.0662757, -0.232545
-0.0119947, -0.0117372, 0.0583841
0.0378854, -0.0590043, -0.145389
-0.460615, -0.19725, -0.843713
-0.113461, 0.299095, 0.616541
0.188472, -0.81456, 0.413669
-0.0571799, 0.0639381, 0.0900498
0.212778, -0.207067, 0.103654
-0.525806, -0.0269821, -0.73272
0.109716, -0.351333, 0.0597343
-0.271702, -0.286643, 0.362265
-0.19799, -0.390536, -0.0734635
0.573229, 0.322833, -0.507203
-9.17103e-05, -0.000218934, 0.00333522
-0.115388, -0.0360715, 0.0252511
1.26997e-05, -0.0074569, -0.260996
-0.481554, -0.240387, -0.789739
0.0223757, 0.101004, 0.562706
-0.14901, -0.129111, 0.368655
-0.000449332, 0.00193567, -0.103937
-0.0605587, -0.104369, 0.202074
0.0505926, 0.0166267, -0.184675
0.0922952, 0.279088, -0.394978
0.105028, 0.00798105, 0.0891817
0.261811, -0.0605854, 0.0363248
-0.00254411, 0.016655, 0.238207
-0.05431, -0.147665, -0.0103583
-0.0637915, -0.0397712, -0.736068
0.421748, -0.530909, 0.141703
-0.0632236, 0.00516758, 0.334006
-0.3443, -0.5037, -0.623929
0.193854, -0.00391294, -0.378928
0.138391, -0.1655, -0.172738
-0.12671, -0.371246, -0.100258
0.0299889, -0.140808, 0.0609101
-0.0820594, -0.0661882, 0.07982
0.0117912, -0.0219664, -0.490581
-0.120055, 0.0830713, 0.303105
-0.00177323, -0.00185704, 0.00312008
0.0766168, -0.298049, -0.0384146
-0.644635, 0.210915, -0.406316
-0.0262984, -0.00508564, -0.00754804
-0.0693969, 0.153806, -0.164407
-0.211197, 0.313757, -0.523519
-0.11236, 0.169335, 0.580995
-0.0536145, -0.13106, -0.398709
-0.00339166, -0.0225041, 0.951302
0.0828965, -0.380482, 0.815226
-0.190055, -0.498224, 0.295571
-0.284734, -0.318376, 0.865162
-0.177224, -0.353578, 0.772113
0.0118224, 0.0694266, -0.062989
0.462564, -0.62979, 0.0775445
0.200717, 0.0862335, -0.368841
-0.115546, -0.0132719, -0.0569808
-0.322616, 0.657189, 0.170259
0.937379, 0.119436, -0.0179761
0.15096, 0.106301, 0.0404611
0.0974652, 0.888237, -0.306463
-0.610507, -0.601011, 0.140303
-0.0220795, 0.369854, 0.899161
-0.00438993, -0.00799576, 0.000438731
-0.553031, 0.513545, 0.128735
-0.0410766, -0.0356371, 0.340354
-0.344279, -0.201766, -0.46412
-0.642613, 0.427199, 0.183725
0.0577533, 0.212162, -0.264045
-0.0425431, -0.0412495, -0.0696179
-0.0231434, -0.125091, -0.739544
0.00419571, -0.0173961, 0.117599
-0.04919, 0.13594, 0.0979402
0.26009, -0.183392, -0.935043
0.344627, -0.423727, -0.0414257
-0.187587, 0.056698, 0.136576
0.169164, 0.193086, 0.303203
0.0862935, 0.438499, -0.0362596
-0.0288563, 0.0671799, 0.116279
-0.000300217, -0.00168031, 0.00364702
-0.0502595, -0.0208638, 0.183136
0.367561, 0.135867, 0.0969175
0.0122088, -0.164223, 0.00438777
-0.00379952, -0.00312389, -4.30651e-05
0.0480245, -0.0371001, 0.0510766
0.00382977, 0.0386805, 0.0520527
-0.000422265, 0.00815953, -0.0583959
-0.0617948, 0.139928, -0.955543
0.586077, 0.677229, -0.362469
-0.000684437, -0.00878846, 0.000950084
0.0874872, -0.191336, 0.0717321
-0.565955, 0.0373576, -0.255841
-0.14066, 0.0483956, -0.253253
-0.0540421, -0.0223165, -0.471245
-0.103535, -0.937881, -0.0428813
0.0768026, 0.378446, -0.60949
-0.50939, 0.341666, -0.281895
0.657685, -0.0764156, 0.746151
0.70965, -0.606091, -0.182772
0.182192, -0.243089, 0.296596
-0.145601, 0.0784242, -0.359892
0.586701, 0.4396, 0.533325
0.295044, -0.0172826, -0.0955393
0.237065, -0.153453, 0.0647289
-0.372441, 0.0423242, 0.0659417
0.294267, -0.0118132, -0.110945
-0.194818, -0.163236, 0.606662
-0.0539938, -0.0145204, 0.620946
-0.0672703, 0.0425784, -0.341917
-0.50608, 0.106047, -0.476646
-0.00567262, -0.00567731, 0.168145
-0.155497, 0.0471276, 0.727666
0.0269972, 0.0753606, 0.105858
0.638389, -0.156318, -0.595595
0.386421, 0.408321, -0.106663
-0.0156198, 0.811065, 0.347143
0.00431967, -0.0168811, 0.154868
-0.00559128, -0.00619889, 0.049678
0.104539, 0.170956, 0.173871
-0.00203483, -0.113468, 0.0797813
-0.697252, -0.256685, -0.392118
0.293443, -0.457549, 0.404801
-0.0137646, -0.0702498, 0.118239
0.0410959, -0.0322709, 0.383825
0.47356, 0.435065, -0.147407
-0.200572, -0.134359, 0.968601
-0.0437413, -0.443188, 0.74765
-0.451199, 0.298889, -0.705845
-0.323184, -0.309481, -0.412008
0.150935, -0.953178, -0.216813
0.0678464, 0.00911289, 0.247714
0.0882679, -0.169439, -0.187469
-0.249482, -0.846281, 0.101117
-0.00437504, 0.0563829, -0.757272
0.2257, 0.187955, -0.0456154
0.0907373, -0.203299, 0.340768
0.00982163, -0.0168556, 0.0484171
-0.0638159, -0.154873, -0.107957
-0.144943, 0.0632006, 0.262758
-0.0878484, -0.0273596, 0.0118713
-0.155891, -0.626874, 0.455012
0.290296, -0.0384972, -0.111066
-0.221721, 0.106424, -0.111597
-0.188418, -0.131135, 0.0799284
-0.0359231, -0.796229, 0.0625397
-0.245378, -0.029433, 0.129504
0.154544, -0.264153, 0.337623
-0.051636, 0.100494, -0.898292
0.0683268, -0.251026, 0.178096
-0.0409576, -0.0167636, -0.546159
-0.0750722, -0.111275, -0.367101
0.471143, 0.0150304, -0.77151
0.295154, -0.37093, -0.497248
0.38414, 0.0627847, -0.783455
0.0130174, -0.00287025, -0.135221
0.000667609, 0.0334697, -0.221449
-0.546446, -0.236668, 0.295603
-0.123547, -0.723298, 0.11865
-0.180311, -0.0301951, -0.425212
-0.0503461, 0.0453907, 0.0245786
0.58459, -0.367713, 0.07069
-0.289452, -0.341326, -0.499059
0.212312, -0.307741, -0.660415
0.188156, 0.192557, 0.598738
0.00145123, -0.229467, 0.150539
0.092501, -0.116409, 0.144914
0.206407, 0.704036, -0.164405
0.150447, -0.280176, -0.182279
-0.489796, 0.865278, 0.0845922
0.00124052, 0.00181822, 0.734329
0.125847, 0.719416, 0.63888
0.0605563, -0.154587, -0.34699
-0.0109523, 0.030474, -0.779595
-0.601023, 0.0426323, -0.446077
-0.248138, -0.231683, -0.656095
0.170935, -0.093318, -0.0701593
-0.0836292, 0.247706, -0.148152
-0.129895, 0.0144439, 0.199247
-0.00121479, -0.00151679, 0.00103636
0.0534766, 0.0894987, 0.279615
-0.020473, -0.081682, -0.513457
0.087522, -0.0622496, 0.0748409
-0.440649, -0.114983, -0.33914
0.0119309, -0.0577621, 0.0732263
0.203489, -0.0210415, 0.37998
0.535074, -0.202112, 0.554244
0.00362532, 0.00845272, -0.0768899
0.134249, -0.0275606, -0.246559
0.0775849, -0.158352, -0.00166597
-0.0848771, -0.641141, 0.260752
-0.198857, 0.0431401, 0.326454
-0.189629, 0.235604, 0.179545
0.00990741, 0.00783783, 0.0121157
-0.0597059, -0.0324751, -0.724252
0.0316261, -0.0173078, 0.034524
0.185463, -0.135605, -0.490277
0.230298, -0.0579368, 0.161017
0.103249, 0.25232, -0.353149
0.0943468, -0.726814, 0.353369
-0.343867, -0.0208316, 0.25829
-0.0552446, -0.24264, 0.631144
0.233579, 0.00285181, -0.192815
0.0338286, 0.0148506, 0.550189
-0.0132107, 0.0189542, 0.0862443
0.115083, 0.0669359, -0.206559
-0.107983, -0.167584, 0.574772
-0.00163643, -0.000170205, 0.000494024
-0.110114, -0.0248587, 0.941951
-0.00299494, -0.0118892, 0.945925
0.557228, -0.0968605, -0.766985
0.0651898, -0.0125572, 0.225375
-0.432824, -0.0238119, -0.88004
-0.196806, 0.303423, 0.293021
0.0714034, -0.0698966, -0.214621
-0.435603, 0.392137, -0.119141
0.193316, -0.34621, -0.0294225
0.100559, 0.0802791, 0.165511
-0.335774, 0.455356, 0.357232
0.656089, -0.250755, -0.556759
-0.0447109, -0.0163954, -0.295803
-0.421545, 0.0949058, 0.0667762
0.107257, -0.157804, -0.0386499
-0.140535, -0.379757, 0.0373183
-0.502022, -0.256174, 0.252437
-0.65656, -0.0171693, 0.578708
0.0766861, 0.040545, -0.0960825
-0.522921, -0.236466, 0.591392
-0.0355643, -0.057128, 0.647323
0.0145843, 0.431028, -0.613346
0.199914, 0.143931, 0.611603
0.230949, -0.180133, 0.354897
-0.533152, -0.151112, -0.829271
-0.405162, 0.2876, -0.673751
0.137257, 0.25426, 0.794001
0.172794, -0.0515799, 0.00692975
-0.0122717, 0.186877, 0.319293
0.111862, -0.0537737, 0.262159
0.776539, -0.0601671, 0.354532
-0.148539, -0.220575, -0.0220028
-0.00950594, -0.0275626, -0.342139
0.0379774, -0.230745, -0.084094
0.0589138, 0.200725, 0.426966
-0.0836203, 0.0150761, 0.516491
0.631628, -0.505408, 0.307863
-0.0961552, 0.0349904, 0.10886
0.151633, -0.445671, -0.349057
0.102199, -0.126566, 0.805787
-0.151578, 0.408465, -0.87587
0.171318, -0.288403, -0.0946192
0.490684, -0.105684, -0.214607
-0.0493371, -0.0766855, 0.147994
0.414918, 0.110483, 0.126688
-0.0886266, -0.010764, -0.18395
0.00794384, 0.190969, 0.728631
-0.272191, 0.128324, 0.463648
-0.203578, 0.121747, -0.538299
-0.915112, 0.233043, 0.129484
0.297417, 0.0985703, 0.793667
-0.0165183, 0.015197, 0.0312371
-0.0140357, -0.0457014, 0.0192711
0.0635598, -0.342598, 0.245453
-0.00127887, -0.00231471, 0.00725183
0.0548345, 0.379145, -0.383544
-0.0555458, -0.0169366, 0.0454433
0.428743, -0.593721, 0.444757
0.0107135, 0.00217104, -0.00280584
0.28294, -0.12756, -0.256501
-0.145532, 0.0570647, -0.0623978
0.640448, -0.0540997, 0.685044
-0.0351637, -0.471647, 0.0290623
-0.334131, -0.0594876, -0.351398
0.505119, -0.337746, -0.437724
0.129782, 0.429487, 0.199733
-0.10263, -0.0367539, 0.167052
-0.117407, 0.296163, 0.585115
0.137038, -0.0120149, -0.13472
-0.408316, -0.0656726, -0.743735
0.0798871, 0.0633097, 0.0982745
-0.135815, -0.0885418, -0.649958
-0.397244, -0.141981, 0.859144
-0.231049, 0.855143, 0.429936
0.0415399, -0.0113478, -0.536121
-0.0387479, 0.0635215, 0.0743277
0.433823, -0.397999, 0.0824413
-0.132973, 0.163146, -0.200168
-0.283242, 0.634519, -0.438111
0.399492, 0.0748342, -0.339322
0.174014, 0.217647, -0.228504
-0.0133418, 0.260119, -0.496422
-0.0114217, 0.0221431, 0.511493
0.543886, 0.232905, 0.258657
-0.227945, 0.152115, 0.141837
-0.578173, -0.240817, 0.426476
-0.0894597, 0.149908, 0.130948
-0.260372, 0.219296, 0.633161
-0.0242472, 0.059575, -0.940047
-0.00230538, -0.00104061, -0.00420196
0.0033157, 0.0931746, -0.0966566
-0.232492, -0.356936, 0.133601
-0.014067, -0.132346, 0.0189628
-0.183851, -0.0113896, 0.0743563
-0.0857725, -0.126371, 0.814923
0.00728323, 0.0293484, 0.0232934
0.524748, 0.345643, -0.0397433
-0.473695, -0.25638, -0.255052
0.0993012, 0.0372443, 0.125785
-0.0791004, -0.0243435, 0.119632
0.0160373, 0.0678285, -0.710071
0.000754217, -0.00579703, -0.00880843
-0.0116744, 0.791764, 0.586543
0.453976, 0.134375, 0.244673
0.150616, -0.338259, -0.0620262
-0.0105524, 0.0818264, 0.154615
0.0356165, 0.173398, -0.41804
-0.181019, -0.735131, -0.370339
-0.000752279, 0.130309, -0.182162
0.0164117, -0.0222819, -0.475531
-0.134009, 0.100547, 0.223346
0.0595082, -0.0387532, -0.0094795
0.556529, -0.261299, 0.182946
-0.142316, -0.173462, -0.0697491
-0.0302155, 0.018058, -0.0192045
0.0504566, 0.0753428, -0.0099257
0.294606, 0.705731, -0.138652
-0.439242, -0.27277, -0.0116374
0.0250861, -0.0222553, 0.0751931
0.241027, 0.250342, -0.00560654
-0.109963, 0.12555, -0.928575
0.137917, 0.0835331, 0.485224
0.0974571, 0.0833961, -0.353617
-0.299352, 0.33608, -0.813814
0.507033, 0.248297, 0.769368
-0.589133, 0.706199, 0.388753
-0.068866, -0.225657, -0.501942
0.157884, -0.154758, 0.473068
0.0696393, 0.0190214, -0.764386
-0.103829, -0.108686, 0.0599644
-0.0137578, 0.00651736, 0.13348
0.521012, 0.0231495, 0.150519
-0.144628, 0.10275, -0.658128
0.162568, -0.429234, -0.690751
-0.0666453, -0.000219043, 0.399924
0.17847, 0.299926, -0.423473
0.334378, 0.311136, 0.186643
-0.015347, -0.0925378, 0.429875
-0.0187877, 0.0355555, 0.0383971
-0.174425, 0.0961547, -0.0466702
-0.452414, 0.0973025, -0.812826
-0.0305682, 0.00480023, -0.318943
0.0150104, -0.00249893, -0.111522
0.587721, -0.648191, 0.468086
-0.0112215, -0.72954, -0.100339
0.751954, 0.0742954, -0.0878871
-0.108027, -0.320414, 0.379436
-0.527378, -0.122432, -0.157153
0.029973, -0.568038, 0.405056
-0.532875, -0.192458, -0.338147
0.387005, 0.548892, -0.0571693
-0.661655, -0.454571, 0.363691
-0.487236, 0.0656882, -0.725536
-0.184675, -0.360758, 0.342112
0.452092, -0.836037, 0.0897426
0.122243, 0.0904644, -0.14805
-0.182841, -0.302198, 0.91618
-0.0457066, -0.0133794, 0.488462
0.0862772, -0.190573, 0.883722
0.155283, 0.310013, 0.605096
-0.00549733, -0.75608, -0.395894
-0.0975184, 0.0595944, -0.146594
-0.247039, -0.187795, -0.0375844
0.17487, -0.0978335, 0.945474
0.158855, 0.0163776, -0.290228
-0.0742689, -0.449534, -0.315194
0.3407, 0.0994062, 0.612392
0.0353519, 0.0561533, -0.0531444
-0.0944378, -0.284449, 0.119301
0.00718523, -0.376507, 0.470101
0.110241, -0.218919, -0.183824
0.254058, -0.360746, 0.451087
0.00927146, 0.0236219, 0.0610004
0.226385, 0.366367, 0.151197
-0.033962, -0.000910254, -0.0851834
0.0251831, -0.491605, 0.618582
-0.0557609, 0.533128, -0.38924
-0.171916, -0.0552018, 0.197938
0.582031, 0.131571, -0.273304
0.0516133, -0.0035215, -0.0179809
0.406013, -0.491716, -0.245026
0.031122, -0.00154595, 0.223325
-0.223075, 0.233193, 0.246813
-4.84404e-05, 0.0160554, 0.0411402
0.0168076, 0.222486, 8.54166e-05
0.0230418, -0.0167457, 0.0119608
0.413674, -0.667154, -0.237817
-0.355205, 0.385404, 0.7772
0.745128, 0.167979, 0.456852
-0.149994, 0.0493308, -0.057587
0.00266113, 0.00362477, 0.00364112
-0.0553186, -0.236618, -0.0379849
0.156872, -0.0020575, -0.726655
0.101047, 0.0341071, 0.882067
0.0755841, -0.343677, -0.265832
0.139396, 0.60901, 0.488557
0.0319271, 0.108868, 0.00119851
-0.000596933, 0.00563969, -0.10462
0.0168603, 0.0159739, -0.0569603
0.128801, 0.210201, 0.726243
-0.066318, 0.0889625, -0.00681879
-0.176447, 0.164766, 0.0978228
0.0998294, 0.2107, -0.377119
0.108933, -0.132665, 0.00296091
-4.31585e-05, -4.74828e-05, 0.513964
-0.449227, -0.0206854, 0.63234
-0.216774, 0.0271979, -0.677911
0.128459, 0.143823, -0.0977676
-0.106941, 0.091362, 0.547452
-0.111183, 0.0434228, -0.206223
-0.00462913, 0.00597243, 0.00894294
-0.119088, -0.159522, 0.363393
0.54289, -0.352694, 0.578645
-0.33379, -0.0481328, 0.7841
0.0315635, 0.099964, -0.304609
-0.0280338, -0.122012, 0.368642
0.262532, 0.398275, 0.310214
0.638728, -0.426485, -0.476
-0.100538, 0.0791144, 0.232059
0.00768479, -0.013395, 0.0906981
0.174022, 0.0780645, 0.455908
0.15363, 0.103639, -0.314077
-0.00469729, 0.112022, 0.0839114
0.19526, -0.123903, -0.0737628
-0.041065, -0.0771796, -0.145776
-0.275537, -0.240336, 0.245552
0.164427, 0.602685, 0.0690617
0.125124, 0.0388239, -0.329048
-0.116603, 0.495529, 0.817196
-0.0721259, -0.0437726, -0.348415
-0.126273, -0.0202, 0.31415
0.0996365, 0.153189, -0.584669
0.732336, -0.0339062, 0.570416
0.0204421, 0.0171663, 0.454898
-0.155016, -0.0275197, 0.733501
-0.33365, -0.447254, -0.723802
-0.175131, -0.131389, 0.138776
0.0206698, -0.0596885, 0.0836069
0.0260852, -0.00346545, 0.0100572
-0.00184734, 0.00398597, 0.0295214
0.451986, -0.158244, -0.588038
-0.0561857, 0.112554, -0.0406565
0.23414, 0.0615255, 0.957525
0.152595, 0.825206, 0.302841
-0.200122, -0.274664, 0.0573407
-0.069701, -0.374212, -0.289428
-0.180699, 0.157879, 0.65838
0.772157, 0.209697, 0.149248
0.427877, 0.30662, -0.524626
0.0505898, 0.36605, 0.182661
-0.0814662, 0.241936, 0.306861
-0.316207, -0.102371, 0.841553
0.674204, 0.224414, 0.0484492
0.0228169, -0.421015, 0.140028
-0.0967881, 0.156394, -0.255277
0.195488, 0.633794, 0.336745
0.307607, -0.454772, 0.524955
-0.138129, 0.0257648, -0.654145
-0.05801, -0.354272, -0.779375
-0.761525, 0.161761, -0.594172
-0.0447491, 0.00167324, -0.131083
0.213581, -0.830402, 0.15932
-0.19429, -0.0830415, -0.12372
-0.0607711, 0.0718482, -0.00517014
-0.329226, 0.211085, -0.751205
0.00922131, 0.0205394, -0.0700273
0.137269, -0.211689, -0.11832
-0.173377, 0.167405, 0.189562
0.0546495, 0.0189655, -0.0380986
-0.3413, -0.876647, -0.12043
-0.0274009, -0.138001, 0.092544
0.00758507, -0.0403681, -0.02886
0.00422826, -0.00502548, 0.0663801
0.0260361, -0.0114989, -0.00590208
0.0103504, 0.0152959, -0.149608
0.0397764, -0.0583027, 0.0498677
-0.0329851, -0.0311905, -0.132234
0.0807769, 0.167081, 0.295841
0.413212, 0.713333, -0.287004
-0.413119, 0.842855, 0.178151
0.0759302, 0.13837, -0.615788
-0.433097, 0.327397, 0.567583
0.283563, 0.216755, 0.0474088
-0.532204, -0.139998, -0.304654
-0.0957903, -0.142612, 0.0803996
0.183334, 0.680603, 0.289442
-0.0531645, -0.880626, 0.165914
0.297412, -0.245569, -0.293171
-0.00134991, 0.045202, -0.00209946
0.357285, 0.124372, -0.0719128
-0.00052383, -0.0010716, 0.0023315
0.0639324, -0.287326, -0.630553
0.084969, 0.929452, -0.315486
0.0400616, 0.235784, 0.0609067
-0.0951826, 0.163809, 0.0833087
0.0331286, 0.0304131, -0.0325037
-0.376892, 0.310697, 0.50431
0.0560855, 0.308314, 0.183073
0.121439, -0.12642, 0.158144
-0.659637, -0.306955, -0.143303
0.564895, 0.146909, 0.310574
-0.277428, 0.0307476, 0.829672
0.150257, -0.691353, -0.267309
0.00226902, -0.00306551, -0.0739329
-0.0467748, 0.177382, -0.879209
0.00780047, 0.0470566, -0.648149
-0.234966, -0.318064, -0.424202
-0.0176232, 0.00894692, -0.782919
0.0353778, 0.0739039, 0.58295
0.0474769, 0.0988065, 0.322876
-0.0233085, 0.136752, -0.306249
-0.450826, 0.624097, 0.134218
0.119663, -0.116302, 0.279918
-0.0750582, -0.240945, 0.0131287
0.654466, 0.196119, -0.0823956
0.175287, 0.1111, 0.0556084
-0.31214, 0.111045, 0.0410736
-0.322985, -0.367807, 0.61157
0.159584, -0.0168342, 0.611268
0.066744, 0.175957, 0.0147847
-0.0814607, -0.332723, 0.62904
-0.0663587, -0.0973826, 0.845535
0.024024, 0.0177101, -0.00528068
-0.0896711, 0.449876, -0.0337942
0.40818, -0.534258, 0.0955793
-0.632434, 0.00221363, -0.469604
0.389368, -0.7995, 0.310922
-0.0342423, 0.0144154, -0.767723
0.0286877, 0.218371, 0.778347
-0.0281849, -0.0799476, -0.081171
0.0957407, 0.262624, 0.520326
-0.773377, -0.508671, 0.102523
0.201796, -0.129873, -0.233911
0.379602, 0.0838812, 0.77617
-0.22225, 0.60974, -0.742282
-0.1657, 0.125152, 0.119776
0.0542144, -0.134571, -0.851529
-0.0102448, -0.0343521, 0.550582
0.0311526, -0.111406, -0.90901
0.709011, 0.298535, -0.284401
0.262872, 0.226833, -0.223217
0.126215, -0.105226, -0.617337
0.0627221, -0.0337441, -0.0981339
0.0808331, -0.0275153, 0.888797
-0.0564056, -0.0461278, 0.865086
-0.0272115, -0.005642, -0.244606
0.0127485, 0.0254737, 0.00521654
-0.184709, 0.13422, 0.0491723
-0.0558769, -0.288892, 0.00897287
-0.0584396, -0.0956601, 0.137365
0.00561431, 0.0303812, -0.79108
0.0309655, 0.0329173, -0.0338168
0.139764, 0.298134, -0.340827
0.0756125, 0.024956, 0.0912377
-0.0201806, 0.795756, -0.35199
0.582994, 0.719651, 0.103922
0.419863, -0.360455, -0.642133
-0.0256318, 0.0118363, 0.0295166
-0.38867, 0.623511, 0.507176
0.0357245, 0.0920135, -0.0357608
-0.115275, -0.0239218, -0.690005
-0.277462, 0.245489, 0.426479
0.0627359, -0.0686928, 0.261714
0.0107672, 0.632351, 0.172479
-0.0939132, -0.0248869, 0.958602
-0.00503376, 0.461763, -0.709744
-0.809856, -0.525268, 0.0721734
-0.250302, -0.134341, -0.648963
-0.187645, 0.35838, 0.386083
0.0176268, 0.470659, 0.823144
0.0600886, 0.0921362, 0.0705578
0.059977, -0.0637915, 0.709279
-0.105855, 0.358262, 0.856789
-0.983429, -0.00542834, 0.0938297
0.0606326, 0.184089, -0.192218
0.145232, 0.165814, 0.701885
-0.163454, 0.113138, 0.236552
-0.259926, 0.743119, 0.359563
-0.655554, -0.375955, -0.412741
0.00993887, -0.0042631, -0.00762281
0.13003, -0.213972, 0.0679799
-0.341176, 0.133594, -0.132192
-0.0357286, 0.15476, 0.0934932
-0.0210065, 0.00149024, -0.0660328
0.400982, -0.48421, 0.0606442
0.0534722, 0.0124606, -0.00635203
-0.238037, -0.0672017, -0.00266594
0.122969, -0.0866714, 0.923667
-0.0142865, 0.0242851, 0.0705221
-0.20645, -0.157486, 0.580089
0.283302, 0.075088, 0.00127823
0.13477, 0.396971, 0.106882
-0.415592, 0.14353, 0.0927237
0.0107405, -0.0652033, -0.139081
0.13744, -0.152033, -0.183424
-0.0106758, 0.00495937, 0.00135181
0.28514, 0.250317, -0.630862
-0.0966349, 0.553531, -0.143067
0.375155, -0.28536, 0.0674818
0.192808, 0.265111, 0.616129
0.0522303, -0.452521, -0.0023899
0.514898, 0.391651, 0.408193
0.28526, -0.289268, 0.877939
-0.699081, 0.390963, -0.493969
-0.279565, -0.488512, 0.202901
0.120538, 0.342547, 0.136039
0.0289403, -0.0168453, 0.829801
0.325403, 0.484905, 0.508578
0.507404, -0.0325499, -0.347565
-0.0701698, -0.0442442, 0.17964
-0.289508, 0.428404, -0.113541
0.401531, -0.278456, -0.829621
-0.00242453, -0.00319648, 0.068478
0.889695, -0.271907, -0.0627575
0.00183256, -0.000135572, 0.0015023
0.275967, 0.277171, 0.127885
0.14574, 0.0301672, 0.760459
-0.0457982, 0.111068, -0.210902
0.107316, 0.908197, -0.193568
0.0826548, -0.0191533, 0.81555
-0.0164287, 0.0979236, 0.021973
0.0106482, -0.000956884, -0.970525
-0.214888, -0.0414041, 0.208281
-0.108451, -0.0535891, -0.227329
0.0235244, -0.00918694, 0.814311
0.103871, 0.0262534, -0.0957712
-0.524763, 0.275023, -0.150206
-0.154683, 0.528642, -0.446232
0.00257483, -0.00507468, 0.29474
-0.342418, 0.218354, -0.707726
0.0698547, 0.107013, -0.0383054
-0.524219, -0.464939, 0.13586
-0.551025, -0.134236, -0.497056
0.168424, 0.140354, -0.25314
-0.225796, -0.120014, 0.503637
-0.196846, 0.341421, -0.110695
-0.0428119, 0.134077, -0.46527
0.00532735, 0.427094, 0.344314
-0.278798, 0.0428695, 0.501546
0.229139, -0.0257099, -0.690338
0.0346602, 0.00135163, -0.0510106
-0.0790139, -0.000141891, -0.241716
0.117996, -0.239898, -0.532326
-0.261404, -0.135687, -0.798576
-0.164253, -0.027515, 0.0851329
0.00618607, 0.0765775, 0.0943679
0.475583, 0.525959, 0.404001
0.122434, -0.15039, 0.380036
-0.00851847, -0.104266, 0.720627
0.16924, -0.200153, 0.37199
-0.424409, -0.851214, 0.188485
0.0941559, -0.646666, -0.709705
0.00444878, -0.000952086, 0.0102109
0.0649059, -0.0391335, -0.183525
-0.56012, -0.0441286, 0.129262
0.0619273, 0.921734, 0.110575
0.238166, 0.0290101, -0.0179894
0.193158, -0.189605, 0.295987
-0.0710037, -0.0528277, -0.0439942
-0.288425, 0.289228, 0.16502
0.149539, 0.0311036, -0.330484
-0.810736, -0.0699993, -0.306454
-0.163764, 0.194277, 0.184284
0.364981, 0.496899, -0.0594181
0.112638, 0.0674517, 0.192227
0.1348, -0.875866, 0.145957
-0.366488, -0.148951, -0.338701
-0.162575, 0.337272, -0.713877
-0.506412, 0.464372, -0.613194
-0.111002, -0.358277, -0.529482
0.0194552, -0.0012429, -0.109051
-0.203551, -0.254345, 0.478164
0.193991, 0.0066687, -0.19157
-0.00630941, 0.00884659, 0.0102428
0.315988, 0.21341, -0.0290999
0.0291197, -0.0104746, 0.0521274
0.0263672, 0.594998, 0.598377
-0.151324, -0.265538, 0.527249
-0.0521684, -0.0658794, -0.528944
-0.0235976, 0.000681523, -0.0655314
-0.223103, -0.372565, 0.152958
-0.138872, 0.0158865, -0.154487
-1.34694e-05, 0.000621827, -0.193029
-0.00200876, 0.0936892, -0.315191
-0.046837, 0.0945906, 0.512015
-0.120635, -0.135972, -0.0148475
-0.0262888, 0.00662205, -0.0213621
0.00637329, -0.0136021, -0.0236881
-0.174124, -0.0739854, 0.053791
0.148022, 0.363427, 0.0821805
0.165551, -0.404265, -0.213921
-0.0361776, -0.0201487, 0.884384
0.0347432, -0.0751665, 0.224005
-0.00467876, -0.00948102, 0.00177056
-0.131343, 0.0422652, 0.717668
0.0589119, -0.555656, -0.197761
0.534347, 0.0949828, 0.061193
0.787566, 0.372017, -0.0349251
0.296451, -0.629795, 0.267052
0.0259899, 0.0259503, -0.06611
-0.131477, 0.0470718, -0.858016
0.472854, -0.105828, 0.792856
-0.305829, 0.0747628, -0.0150591
0.293639, -0.437067, -0.116989
-0.0532375, 0.0650713, 0.066126
0.00762073, 0.000118891, 0.252104
-0.0712917, -0.410499, -0.00807
-0.950198, 0.123444, 0.25551
0.0215544, 0.169957, 0.0239957
0.142827, -0.257017, -0.150374
0.62363, 0.753227, 0.201584
-0.00824823, -0.0361814, 0.0453107
-0.00589594, -0.061902, -0.458966
-0.485598, -0.531708, -0.352162
-0.0277774, 0.0185562, 0.114352
0.0431736, -0.470404, 0.221595
0.287573, 0.335372, 0.32592
0.147101, -0.314345, 0.00245311
-0.0312667, 0.124792, -0.797244
0.0821176, -0.0688082, -0.0722702
0.0124104, 0.00619638, -0.01498
-0.0429669, 0.026561, -0.161499
0.0154739, 0.022929, -0.264735
0.760807, -0.410425, -0.00517336
0.00615214, -0.00992402, -0.231205
-0.0279658, 0.0268743, 0.0291037
-0.0325877, 0.113796, 0.489915
0.0128378, -0.0182844, 0.000803602
-0.294732, -0.546259, -0.184637
-0.462304, 0.568878, -0.417448
-0.00233997, 0.00204055, 0.171129
0.160186, 0.283264, 0.815525
-0.562409, 0.138248, 0.0401304
0.405407, 0.289365, -0.693013
0.628524, 0.171048, 0.440723
0.0565316, -0.129972, 0.047567
-0.557177, -0.233214, 0.282982
-0.00279979, 0.372582, -0.445041
-0.183413, 0.121285, -0.119635
0.23841, 0.185198, 0.688591
-0.559096, -0.447484, -0.61405
0.452309, -0.344241, -0.497045
-0.433282, 0.856541, -0.0743575
-0.00123834, -0.00376046, 0.00573656
-0.0122194, -0.0276551, -0.281699
0.0877694, -0.301295, -0.831294
-0.0202465, 0.0101392, 0.0523818
-0.234836, -0.0904581, 0.461037
0.062217, 0.461566, 0.526064
0.256619, 0.0274749, -0.942471
0.101922, -0.196508, 0.29878
0.0177608, 0.00460514, -0.0513542
0.125214, -0.123693, 0.272757
-0.783578, 0.0283913, 0.152213
0.309893, 0.188588, -0.915915
0.637466, 0.677203, -0.360543
-0.0809066, -0.275183, 0.33192
-0.546532, 0.463963, 0.340043
-0.231706, -0.126586, 0.192078
-0.00245529, -0.00560402, -0.653208
-0.574147, 0.321076, -0.59629
0.000732426, -0.00201669, -0.00262692
0.109013, -0.110974, 0.306308
-0.141646, -0.223975, -0.172695
0.0263527, -0.0589215, -0.324752
0.0258375, 0.28252, -0.663888
-0.0502089, 0.0742305, 0.0265664
-0.00104548, -0.0227703, 0.189497
0.0406226, 0.320847, -0.654403
0.266495, -0.0625035, 0.499481
0.131819, 0.196599, -0.584145
-0.757967, -0.176829, -0.431413
0.169694, -0.174718, -0.0468658
0.00869079, -0.628118, -0.137799
0.232501, 0.140766, 0.303237
0.127421, 0.154381, -0.0554204
-0.724624, 0.00784572, -0.244547
0.785208, -0.440508, -0.362085
-0.275611, -0.411539, -0.0164785
0.019076, 0.0210129, -0.387773
-0.0435111, -0.00361774, -0.138649
-0.208244, 0.165792, -0.684167
-0.217116, 0.130035, 0.211327
-0.43592, 0.458114, 0.199904
0.351068, 0.141499, 0.713028
0.315724, -0.0858807, 0.245549
-0.31739, -0.0863185, 0.134642
0.0896471, -0.10569, 0.180889
0.217327, 0.198466, 0.928724
-0.0499854, -0.0266799, 0.168544
0.0722784, 0.292225, 0.237788
-0.244788, -0.460802, 0.399866
0.0257494, 0.0150697, -0.162641
-0.18478, 0.0667622, 0.465328
-0.354458, -0.0194834, -0.23028
0.0561058, -0.276837, 0.0556325
0.294666, 0.292745, -0.00019739
0.413407, 0.131253, 0.0954997
0.299287, -0.316389, 0.0903045
-0.0404163, 0.0198462, 0.206072
0.0201289, 0.470813, -0.864554
-0.24748, 0.39226, 0.0933248
-0.0752779, 0.056223, -0.0512019
0.461593, 0.261566, -0.264205
-0.221881, -0.114108, -0.411946
0.129343, 0.178476, 0.521552
-0.0229425, 0.0716902, 0.546436
0.00849804, -0.416712, 0.0480123
-0.230609, -0.627427, -0.604165
-0.0493981, 0.304773, -0.382286
-0.140938, -0.132832, -0.534518
-0.224883, 0.0409537, 0.0578592
-0.108148, -0.238599, 0.639399
-0.350129, -0.00300837, 0.552132
0.019133, 0.00384727, 0.00777797
0.130648, -0.000685572, 0.0334823
-0.0359798, 0.0576018, 0.528366
-0.080033, 0.136246, 0.189109
0.00516155, 0.0188108, -0.0314942
-0.115564, 0.294336, 0.315255
-0.140718, -0.0895195, -0.964475
0.13025, -0.0927698, -0.115323
-0.656792, -0.174138, -0.0881372
0.0896911, -0.653071, 0.0879067
-0.104332, 0.0774599, -0.531423
-0.513394, -0.573116, 0.210692
-0.148393, -0.154611, -0.355952
0.00394819, -0.30574, 0.0923457
0.309863, 0.327857, -0.677036
0.0191167, 0.0613198, -0.507867
-0.155651, -0.059227, -0.0929175
0.0626544, -0.196166, 0.240522
0.621145, 0.346231, -0.636895
-0.0929289, -0.0476284, -0.149042
0.957724, 0.184228, -0.0117244
-0.22118, -0.215766, -0.34199
-0.0129872, -0.112058, -0.0865469
-0.0436465, 0.0785326, 0.818367
-0.194519, 0.332485, 0.729878
-0.344723, -0.143764, 0.599358
0.0911881, -0.679792, -0.0308096
-0.333438, 0.0442349, -0.163559
-0.0990974, -0.275025, -0.24205
0.159446, -0.198004, 0.585469
-0.20747, -0.234385, 0.0899258
0.0539544, -0.212455, -0.196931
-0.185702, 0.125609, -0.781033
0.0643717, -0.0257817, 0.25791
-0.164724, -0.112389, -0.196626
-0.133752, -0.252032, 0.329165
0.357304, -0.346989, 0.53316
0.295275, 0.38687, 0.311838
-0.666271, -0.271749, 0.336458
0.0114066, 0.0649979, 0.315979
0.0249671, -0.0396202, 0.171065
0.377549, 0.410848, -0.147615
0.0665664, 0.0641809, 0.708421
0.351956, 0.00671504, 0.193429
-0.00224777, -0.0128527, -0.00825583
-0.270881, -0.0161393, 0.398666
-0.0371598, -0.145072, -0.164871
0.115708, -0.132132, -0.145142
-0.265648, 0.286191, -0.773968
0.232765, -0.38643, 0.551731
-0.17106, 0.853623, -0.076763
0.0635898, 0.366723, 0.734769
-0.161735, -0.26233, 0.834834
-0.0162133, 0.279475, 0.149774
0.0152965, -0.196656, -0.618145
0.383866, -0.183164, 0.0514916
0.115754, 0.257003, -0.236491
0.00136287, -0.00188889, -0.00167053
0.248566, -0.289698, 0.443416
0.376953, 0.100173, -0.901111
0.0419211, -0.139608, -0.176652
-0.25727, -0.307201, 0.732032
-0.0280819, 0.0556813, 0.0576004
0.0168395, -0.55093, 0.0655222
0.10277, 0.618741, -0.279062
0.0241645, -0.453744, 0.680414
-0.260551, -0.0628589, -0.428634
0.715982, 0.00413394, 0.617977
0.589978, 0.1216, 0.328139
0.0327747, 0.120703, -0.287641
-0.355222, 0.366614, -0.478513
0.383476, -0.0965592, -0.404684
-0.0846859, -0.0411626, -0.0518962
0.0419487, -0.353132, 0.546788
-0.325119, 0.463759, -0.356391
0.0236224, -0.0140216, 0.284712
-0.0712024, -0.312051, -0.117819
-0.544342, -0.523632, 0.14264
0.0810474, -0.0355941, -0.0546341
-0.443349, -0.227348, -0.269111
-0.0090899, 0.0188568, 0.751683
-0.0786655, -0.434398, -0.50527
-0.120476, -0.0600936, 0.27412
0.488012, -0.265276, -0.13775
-0.308742, 0.393346, 0.159074
0.0180552, -0.0507497, 0.335024
0.45119, -0.511353, -0.391441
-0.0396853, -0.0562812, 0.0129166
-0.0808115, 0.297008, 0.433716
0.324778, -0.215205, 0.189288
0.138886, 0.257792, 0.307846
0.0657279, -0.0759084, -0.10639
-0.212074, -0.689911, -0.0568806
-0.581486, -0.576772, 0.517768
-0.770334, -0.256322, -0.565274
0.602317, -0.25233, -0.146205
0.00223628, -0.00094524, 0.30847
0.167824, -0.117695, 0.19912
0.125725, -0.285954, -0.307003
0.300975, 0.29373, -0.51023
-0.424593, 0.378448, -0.0901525
-0.083179, 0.610124, -0.184657
0.153324, -0.155728, -0.260917
0.0700853, -0.00137811, -0.138737
-0.00941239, -0.00665776, -0.575118
-0.000265363, -0.0184347, 0.0561095
-0.36128, -0.311683, -0.0286389
-0.00220834, -0.00498725, -0.169428
-0.0522979, 0.00867718, 0.0111438
-0.10714, -0.138623, 0.295436
-0.27762, -0.338479, -0.751067
-0.0858593, 0.103859, -0.76631
-0.00432842, 0.000679115, 0.197678
0.0286228, -0.030137, 0.354813
-0.151349, -0.520618, -0.787513
-0.209258, -0.174189, -0.0412998
0.716706, 0.139531, 0.189117
0.0656537, -0.291774, 0.156781
-0.17943, -0.578072, -0.791562
-0.189118, -0.46948, 0.257395
-0.363405, 0.0902216, 0.483867
0.216695, 0.156231, 0.406427
-0.0570305, 0.161947, 0.127033
-0.0244604, 0.0136022, 0.0523821
0.0436707, 0.0876392, 0.0650551
0.376988, 0.429575, -0.674422
-0.0796191, -0.452549, -0.198458
0.0113801, 0.00819197, 0.0440698
0.371061, -0.281298, -0.390923
0.0090831, 0.0215337, -0.140931
-0.221081, -0.362748, -0.197601
0.0662763, -0.0555387, 0.465245
0.032, -0.133063, 0.166829
-0.0249672, -0.00320184, -0.28826
0.027272, -0.000978536, -0.564437
0.0438325, -0.0423169, -0.0787424
-0.403866, 0.567374, 0.0312459
0.274653, -0.125972, -0.174889
0.0100036, 0.00396054, -0.0324402
-0.290152, 0.275917, 0.477125
-0.07762, -0.0484654, 0.0502533
0.0384758, -0.240547, 0.306635
0.113329, 0.161185, -0.92206
-0.0217906, -0.0348227, 0.0343572
0.0384036, -0.0662774, 0.597295
0.68494, -0.208466, -0.122524
0.443728, 0.460088, 0.700409
-0.0307875, -0.261063, 0.139778
0.0585125, 0.0246934, 0.623263
-0.319423, 0.107427, 0.196103
-0.144174, 0.225601, -0.188183
0.383379, 0.221755, 0.518949
0.0277264, 0.0780039, 0.118179
0.0581812, -0.0826679, -0.211977
-0.243625, -0.0284188, 0.370384
0.0531022, 0.187409, 0.261267
0.253525, 0.185939, -0.421837
-0.161086, -0.223468, 0.864251
-0.00274046, 0.0244792, -0.643092
-0.0174861, -0.00628754, 0.286877
0.253444, 0.0808157, -0.488639
0.244128, -0.0227276, -0.342415
0.131873, -0.756086, -0.531104
0.0122817, 0.00571629, -0.0360284
-0.580424, 0.291658, -0.382594
0.0403617, 0.0216462, -0.0185005
-0.448975, -0.0683826, -0.281834
-0.0015746, -0.00195632, -0.109604
-0.0341811, 0.147981, 0.79879
0.224711, 0.00753715, 0.208014
0.376834, 0.570043, 0.641474
-0.122422, 0.0301121, -0.210901
-0.294888, -0.63584, 0.574714
-0.22561, 0.0762712, 0.885928
-0.028601, -0.0507831, 0.0540592
-0.54706, -0.348542, -0.339544
-0.349111, -0.734095, -0.414668
-0.289824, 0.0895576, -0.132974
0.923345, -0.00144802, -0.302113
-0.088647, -0.166108, 0.400544
-0.144311, 0.00590685, 0.797194
-0.921289, -0.0662728, -0.232536
-0.0109215, -0.0110072, 0.0572059
0.0376988, -0.0587371, -0.145015
-0.460581, -0.19723, -0.843644
-0.11344, 0.29901, 0.616407
0.188455, -0.814494, 0.413637
-0.0566595, 0.0635423, 0.089588
0.212598, -0.206913, 0.103597
-0.525741, -0.0269753, -0.732668
0.109646, -0.351136, 0.0597034
-0.271605, -0.28656, 0.362194
-0.197899, -0.390392, -0.0734361
0.573167, 0.3228, -0.507166
-0.0167685, 0.0825136, 0.0185849
-0.114802, -0.0359148, 0.0252143
-6.94597e-05, -0.00739553, -0.260669
-0.481505, -0.240349, -0.789696
0.0223394, 0.100881, 0.562586
-0.148873, -0.129046, 0.368513
-0.0001989, 0.019978, -0.100413
-0.0604342, -0.104113, 0.201822
0.0503228, 0.0165151, -0.184288
0.0922743, 0.278961, -0.394859
0.104476, 0.00799253, 0.0889665
0.261547, -0.0605421, 0.036298
-0.00246596, 0.0164075, 0.237976
-0.0541559, -0.147271, -0.0102957
-0.0636846, -0.0395825, -0.735761
0.421675, -0.530834, 0.141647
-0.0630919, 0.00510725, 0.333778
-0.344265, -0.503645, -0.623884
0.19373, -0.00388992, -0.378765
0.138193, -0.165117, -0.172764
-0.126648, -0.371079, -0.100209
0.0299322, -0.140345, 0.0607818
-0.0816649, -0.0658891, 0.0796309
0.0118526, -0.0219702, -0.490132
-0.119944, 0.0829581, 0.30289
0.00727797, 0.00496658, 0.00147269
0.0765707, -0.297822, -0.0383828
-0.644559, 0.210891, -0.406285
-0.0236133, -0.00448925, -0.00668976
-0.0692913, 0.153547, -0.164275
-0.211153, 0.313688, -0.523456
-0.112313, 0.169253, 0.580889
-0.0536044, -0.130938, -0.398542
-0.00339364, -0.0221351, 0.950984
0.0828784, -0.38043, 0.815154
-0.190015, -0.498104, 0.295509
-0.284691, -0.318332, 0.865093
-0.177201, -0.353513, 0.772045
0.0118594, 0.0686488, -0.0625301
0.462507, -0.629713, 0.0775428
0.200578, 0.0861744, -0.368697
-0.115016, -0.0132621, -0.0567933
-0.322584, 0.657113, 0.170247
0.937318, 0.119447, -0.0179723
0.15072, 0.106101, 0.0404674
0.0974518, 0.888199, -0.306444
-0.610447, -0.600953, 0.140297
-0.0220827, 0.36981, 0.899081
0.00582715, 0.00275156, 0.00231046
-0.552965, 0.513489, 0.12873
-0.0409856, -0.0355436, 0.340109
-0.344201, -0.201723, -0.464042
-0.64254, 0.42716, 0.183711
0.0577285, 0.211985, -0.263927
-0.0421156, -0.0408256, -0.0691803
-0.0231457, -0.125024, -0.739445
0.0040702, -0.0172032, 0.117036
-0.04899, 0.135645, 0.0977852
0.26006, -0.183371, -0.934975
0.344539, -0.42363, -0.0414148
-0.187297, 0.0566193, 0.136469
0.169047, 0.192975, 0.303103
0.0862703, 0.438349, -0.0362386
-0.0287157, 0.0667854, 0.115812
-0.00466686, -0.0936421, -0.0379674
-0.0500526, -0.0209179, 0.18258
0.367443, 0.135801, 0.0968979
0.0121794, -0.163793, 0.00442977
0.000236902, -0.00128806, 0.00243614
0.0471741, -0.0366033, 0.0506727
0.00350124, 0.037441, 0.0513895
0.000356354, 0.00808747, -0.0577107
-0.0617945, 0.139887, -0.955426
0.586071, 0.677185, -0.362446
0.00384293, 0.00339319, 0.00369157
0.0873644, -0.19106, 0.0716551
-0.565857, 0.0373402, -0.255813
-0.14045, 0.0483161, -0.253037
-0.0539545, -0.0223226, -0.471137
-0.103527, -0.93781, -0.0428744
0.0767694, 0.378372, -0.609427
-0.509318, 0.341611, -0.281865
0.657631, -0.0764047, 0.746095
0.7096, -0.606049, -0.18276
0.182068, -0.24293, 0.296524
-0.145479, 0.0783539, -0.359747
0.586645, 0.439561, 0.533287
0.294778, -0.0173089, -0.0957626
0.23684, -0.153341, 0.0646973
-0.372247, 0.0423185, 0.0659282
0.294035, -0.0120471, -0.110582
-0.194788, -0.16317, 0.606477
-0.0539454, -0.0145233, 0.620827
-0.0671519, 0.0424983, -0.341704
-0.506012, 0.106024, -0.476595
-0.00526974, -0.00505965, 0.168067
-0.15533, 0.0470715, 0.727537
0.0266945, 0.0749404, 0.105417
0.638328, -0.156311, -0.595551
0.386342, 0.408243, -0.10667
-0.0156168, 0.810996, 0.347122
0.00410375, -0.0166302, 0.154697
-0.00530401, -0.00595038, 0.0490269
0.104396, 0.170737, 0.173754
-0.00203694, -0.11299, 0.0796031
-0.697181, -0.256657, -0.392092
0.293389, -0.457468, 0.404755
-0.0137183, -0.0698523, 0.117896
0.0409854, -0.0322401, 0.383535
0.473477, 0.434995, -0.147379
-0.20054, -0.134338, 0.96851
-0.043732, -0.443124, 0.747577
-0.451127, 0.298846, -0.705778
-0.323107, -0.309411, -0.41195
0.150923, -0.953116, -0.216799
0.067587, 0.00892899, 0.247438
0.0882075, -0.169249, -0.187281
-0.249457, -0.84621, 0.10111
-0.00440597, 0.0562392, -0.757238
0.225533, 0.187813, -0.0455686
0.0907061, -0.203147, 0.340587
0.00910867, -0.0160316, 0.0477342
-0.0636818, -0.154579, -0.107797
-0.144747, 0.0631585, 0.262565
-0.0871716, -0.0271703, 0.0119071
-0.155871, -0.626794, 0.454966
0.290097, -0.0383104, -0.11094
-0.221457, 0.106317, -0.111514
-0.188151, -0.130962, 0.0798899
-0.0359207, -0.796144, 0.0625394
-0.245097, -0.0294073, 0.12943
0.154468, -0.26399, 0.337507
-0.0516313, 0.100468, -0.8982
0.0682575, -0.250829, 0.17799
-0.0408863, -0.0167694, -0.546034
-0.075001, -0.111187, -0.366973
0.471086, 0.0150299, -0.771454
0.295106, -0.370865, -0.497185
0.384092, 0.0627762, -0.783393
0.0128733, -0.00269243, -0.134542
0.000664549, 0.0332534, -0.221161
-0.546466, -0.236602, 0.295419
-0.123525, -0.723211, 0.118638
-0.180214, -0.0301958, -0.425094
-0.0494545, 0.044813, 0.0245384
0.584502, -0.367665, 0.070683
-0.289397, -0.341256, -0.498984
0.212271, -0.307693, -0.660342
0.188095, 0.192494, 0.59866
0.00145663, -0.22924, 0.150429
0.0923182, -0.116197, 0.144808
0.206392, 0.703958, -0.164387
0.15034, -0.279975, -0.182156
-0.489762, 0.865225, 0.0845931
0.00120734, 0.0018663, 0.734289
0.125835, 0.719357, 0.638839
0.0605108, -0.154471, -0.346832
-0.010889, 0.0303278, -0.779537
-0.600954, 0.0426112, -0.446041
-0.248094, -0.231633, -0.65602
0.170648, -0.0932357, -0.0701002
-0.0835677, 0.247481, -0.148075
-0.129635, 0.0144055, 0.19904
0.0123411, -0.0015807, 0.00589319
0.0533638, 0.0893453, 0.279464
-0.0204872, -0.0815675, -0.513332
0.0870428, -0.0619687, 0.0746216
-0.440551, -0.114966, -0.339074
0.0119744, -0.0570906, 0.0729666
0.203347, -0.0210392, 0.379855
0.535006, -0.202089, 0.554196
0.00379266, 0.00830143, -0.0756551
0.134078, -0.0275152, -0.246364
0.0774488, -0.157987, -0.00163818
-0.0848636, -0.641044, 0.26072
-0.19869, 0.0431006, 0.32631
-0.18949, 0.235388, 0.179491
0.00726426, 0.00487789, 0.00867529
-0.0597524, -0.0325543, -0.724378
0.0303405, -0.0166568, 0.0338486
0.185388, -0.135557, -0.490172
0.230057, -0.057899, 0.160932
0.103209, 0.252202, -0.353071
0.0943364, -0.726736, 0.353336
-0.343694, -0.020823, 0.258216
-0.0552612, -0.242568, 0.631049
0.233312, 0.00283586, -0.19269
0.0337432, 0.0148554, 0.550039
-0.0130642, 0.0187403, 0.0850643
0.1149, 0.0668123, -0.206355
-0.107962, -0.167524, 0.574674
0.00188661, 0.00261555, -0.00806378
-0.110003, -0.0248595, 0.941912
-0.00302311, -0.0122176, 0.945954
0.557177, -0.0968519, -0.766933
0.0649161, -0.0125361, 0.225238
-0.432783, -0.0238107, -0.879968
-0.196722, 0.30329, 0.292954
0.0711697, -0.0698422, -0.214318
-0.435508, 0.392041, -0.119081
0.19319, -0.346037, -0.029417
0.100339, 0.0800459, 0.165351
-0.335717, 0.455276, 0.357191
0.656027, -0.25073, -0.556721
-0.0444697, -0.0162773, -0.29556
-0.421369, 0.0948849, 0.0667763
0.107059, -0.157515, -0.0385547
-0.140458, -0.379589, 0.0373048
-0.501949, -0.25612, 0.252425
-0.656491, -0.017171, 0.578667
0.0762938, 0.0402362, -0.0957242
-0.522852, -0.236437, 0.591339
-0.0355478, -0.0570771, 0.647201
0.0145885, 0.430942, -0.613287
0.199838, 0.143918, 0.611512
0.230793, -0.180066, 0.35478
-0.533093, -0.151103, -0.829216
-0.405128, 0.287561, -0.673717
0.137237, 0.25422, 0.793918
0.172408, -0.0514934, 0.0069157
-0.0122579, 0.18672, 0.319148
0.111622, -0.053742, 0.261972
0.776467, -0.0601583, 0.354508
-0.148377, -0.220345, -0.0219759
-0.00951963, -0.0274893, -0.341876
0.0379545, -0.230483, -0.0840093
0.0588834, 0.200611, 0.426856
-0.0835134, 0.0150854, 0.516363
0.631568, -0.505366, 0.307841
-0.095703, 0.0348505, 0.108611
0.151596, -0.445568, -0.348989
0.102156, -0.126515, 0.805704
-0.151566, 0.40842, -0.875805
0.171186, -0.288225, -0.0945739
0.490563, -0.105664, -0.214567
-0.0492006, -0.0764346, 0.147692
0.414757, 0.110476, 0.126619
-0.0883765, -0.0107185, -0.183675
0.0079527, 0.190917, 0.728557
-0.272093, 0.128269, 0.463561
-0.203504, 0.121699, -0.538221
-0.915053, 0.233023, 0.129479
0.297365, 0.09856, 0.793582
-0.0156583, 0.0143465, 0.0304486
-0.0136953, -0.044259, 0.0192551
0.0635271, -0.342429, 0.24537
0.00349665, 0.00011107, -0.00023008
0.0548162, 0.37902, -0.383485
-0.0545663, -0.0166436, 0.0450747
0.4287, -0.593663, 0.444721
0.09965, 0.0533809, -0.0560937
0.28278, -0.127503, -0.256391
-0.145414, 0.0564817, -0.0619997
0.640398, -0.0540967, 0.685006
-0.035142, -0.471479, 0.0290598
-0.334022, -0.0594844, -0.351318
0.505047, -0.337706, -0.437687
0.129745, 0.42934, 0.199689
-0.102254, -0.0366641, 0.166828
-0.11737, 0.296084, 0.585088
0.136693, -0.0120087, -0.134514
-0.408267, -0.0656619, -0.743674
0.0794889, 0.0629832, 0.0980222
-0.135761, -0.0884879, -0.649871
-0.39718, -0.141959, 0.859074
-0.231034, 0.855084, 0.429912
0.0414196, -0.0113222, -0.536033
-0.0385361, 0.0629155, 0.0738246
0.433727, -0.39793, 0.0824277
-0.132822, 0.162973, -0.200036
-0.283215, 0.63445, -0.438078
0.399376, 0.0748097, -0.339253
0.173893, 0.217502, -0.228424
-0.0133293, 0.260033, -0.496325
-0.0113743, 0.0220381, 0.511396
0.543794, 0.232854, 0.258629
-0.22771, 0.151973, 0.141787
-0.578094, -0.240789, 0.426429
-0.0892622, 0.149624, 0.130798
-0.260305, 0.219244, 0.633079
-0.0242545, 0.0595728, -0.939936
-0.0334649, -0.0903624, -0.0881015
0.00334181, 0.0926674, -0.0963022
-0.232366, -0.356852, 0.133624
-0.0139961, -0.13187, 0.0189596
-0.183421, -0.0114419, 0.0743423
-0.085736, -0.126299, 0.814857
0.00673489, 0.0274609, 0.022493
0.524657, 0.345585, -0.0397373
-0.473578, -0.256293, -0.255037
0.0989052, 0.0371211, 0.125488
-0.0787022, -0.0242505, 0.119374
0.0159867, 0.0677569, -0.710002
-0.000137597, -0.00128304, 0.00219857
-0.0116706, 0.791704, 0.586511
0.453863, 0.134344, 0.244623
0.15054, -0.338062, -0.0619826
-0.0105622, 0.0814936, 0.154241
0.035606, 0.1733, -0.417904
-0.181003, -0.735061, -0.370309
-0.000766083, 0.13004, -0.181982
0.0162541, -0.0222749, -0.475754
-0.133873, 0.100412, 0.223212
0.058615, -0.0380841, -0.00936964
0.55643, -0.261261, 0.18292
-0.14213, -0.173252, -0.0696385
-0.0287414, 0.0169201, -0.0184754
0.0499438, 0.0746844, -0.00992791
0.29457, 0.705655, -0.138642
-0.439117, -0.272709, -0.011636
0.0244005, -0.0218383, 0.0743292
0.240918, 0.250187, -0.0055902
-0.109918, 0.125522, -0.928475
0.137858, 0.0834923, 0.485089
0.0973877, 0.0833109, -0.353426
-0.299314, 0.336024, -0.813738
0.506981, 0.248273, 0.769315
-0.589093, 0.706154, 0.388733
-0.0688469, -0.22557, -0.501844
0.157804, -0.154693, 0.472936
0.069545, 0.0190291, -0.764282
-0.103519, -0.108384, 0.0599088
-0.013688, 0.0064135, 0.132985
0.520883, 0.0231557, 0.150493
-0.14458, 0.102696, -0.65805
0.162545, -0.429173, -0.690687
-0.0665619, -0.000233159, 0.399727
0.178402, 0.299828, -0.423383
0.334269, 0.311042, 0.186605
-0.0153368, -0.0924499, 0.429693
-0.0182784, 0.0341702, 0.0378796
-0.174112, 0.095947, -0.0466192
-0.452366, 0.0972858, -0.812756
-0.0304976, 0.00472368, -0.318634
0.0154938, -0.00207638, -0.110442
0.587679, -0.648148, 0.468058
-0.0112188, -0.729444, -0.100322
0.75187, 0.0742924, -0.0878756
-0.10799, -0.320284, 0.379333
-0.527265, -0.122413, -0.157141
0.029965, -0.567946, 0.405004
-0.53278, -0.192411, -0.338091
0.386944, 0.548792, -0.0571639
-0.661594, -0.454531, 0.363664
-0.487177, 0.0656754, -0.725485
-0.184612, -0.360646, 0.342043
0.452058, -0.835978, 0.0897399
0.122008, 0.0902675, -0.147877
-0.18282, -0.302148, 0.916093
-0.0456404, -0.01332, 0.48836
0.0862554, -0.190519, 0.883632
0.155258, 0.309914, 0.605024
-0.00549846, -0.756009, -0.39586
-0.0972618, 0.0593861, -0.146384
-0.246786, -0.187652, -0.037552
0.174808, -0.0978067, 0.945375
0.158681, 0.0163865, -0.290107
-0.0742501, -0.449414, -0.315125
0.340617, 0.0993946, 0.612325
0.0348922, 0.0553, -0.05265
-0.094352, -0.28424, 0.119235
0.00718082, -0.376404, 0.470025
0.110155, -0.218704, -0.183679
0.254, -0.360663, 0.451021
0.00855772, 0.0229962, 0.0598678
0.226301, 0.366234, 0.151167
-0.0331978, -0.000885007, -0.0843847
0.0251756, -0.49152, 0.618532
-0.0557545, 0.533035, -0.389197
-0.171684, -0.0551162, 0.197783
0.581938, 0.131551, -0.273267
0.0501441, -0.00312295, -0.0175796
0.40595, -0.491643, -0.244995
0.0309531, -0.00159275, 0.2231
-0.222943, 0.23306, 0.246721
-0.000271364, 0.0151055, 0.0399386
0.0168022, 0.222129, 0.000138157
0.0210055, -0.0148633, 0.0108801
0.413632, -0.667086, -0.237796
-0.355163, 0.385363, 0.777143
0.745057, 0.167964, 0.456819
-0.149243, 0.0498385, -0.0578659
-0.00211017, -0.00469854, -0.000573805
-0.0552619, -0.236354, -0.0379071
0.15681, -0.00205384, -0.726563
0.101001, 0.0340722, 0.881958
0.0755639, -0.343529, -0.265741
0.139377, 0.608935, 0.488517
0.0317528, 0.108184, 0.00119168
-0.000374542, -0.0138561, -0.107934
-0.0641562, -0.548613, 0.150123
0.128773, 0.21014, 0.72615
-0.0657987, 0.0881874, -0.00667187
-0.176233, 0.164521, 0.0978111
0.0997766, 0.210616, -0.376992
0.108629, -0.132418, 0.00294744
-9.37016e-05, 4.7513e-05, 0.513842
-0.449145, -0.0206868, 0.632275
-0.21669, 0.0271951, -0.677826
0.12825, 0.143577, -0.0976311
-0.10685, 0.0913021, 0.547324
-0.111058, 0.0431964, -0.206038
-0.000133869, 0.000629625, 0.00370757
-0.119003, -0.159395, 0.363265
0.542832, -0.352658, 0.5786
-0.333721, -0.0481332, 0.784037
0.0314705, 0.0998863, -0.304391
-0.0280113, -0.121885, 0.368472
0.262538, 0.398141, 0.31017
0.638672, -0.426448, -0.475966
-0.100448, 0.0789977, 0.23185
0.00746257, -0.0131545, 0.0897362
0.173892, 0.0780372, 0.455819
0.1535, 0.10353, -0.313941
-0.00472644, 0.111452, 0.0837057
0.194954, -0.123742, -0.0736986
-0.0408947, -0.0768781, -0.145455
-0.275408, -0.240239, 0.245486
0.164402, 0.602581, 0.0690585
0.12514, 0.0387705, -0.328872
-0.116586, 0.495472, 0.81714
-0.0720085, -0.0437158, -0.34822
-0.126104, -0.0201872, 0.313952
0.0995826, 0.153135, -0.584593
0.732271, -0.0338949, 0.570391
0.020395, 0.0171401, 0.45478
-0.154956, -0.0274802, 0.733418
-0.333616, -0.447207, -0.723746
-0.174914, -0.131217, 0.138657
0.0201656, -0.0590466, 0.0828112
0.0226856, -0.00256981, 0.00893745
-0.00172599, 0.00401582, 0.0276536
0.451922, -0.158225, -0.587977
-0.0559497, 0.112023, -0.0404367
0.234101, 0.0615187, 0.957441
0.152582, 0.825135, 0.302824
-0.199986, -0.274475, 0.0573369
-0.0696773, -0.374095, -0.289348
-0.18064, 0.157828, 0.658284
0.772074, 0.209671, 0.149238
0.427811, 0.306577, -0.524577
